,word,count
1,개구,2
2,라임,2
3,다만,2
4,직접,2
5,판도라,3
6,수중,2
7,촬영,2
9,나비,2
11,섭외,2
13,썼겠드,3
15,어케,2
17,제일,2
18,년도,2
19,기술,2
20,년도,2
21,얼마나,3
23,기다림,3
24,미래,2
26,이유,2
27,아쿠아리움,5
28,시간,2
30,최고,2
31,올해,2
32,최고,2
34,카메론,3
35,카메론,3
37,도대체,3
40,영상,2
43,시간,2
44,무조건,3
45,극장,2
46,화면,2
47,카메론,3
48,영감,2
49,사랑,2
58,얼마,2
61,보람,2
62,생각,2
63,외계,2
64,아쿠아리움,5
65,구경,2
67,생각,2
68,평점,2
69,개판,2
70,최소,2
72,만원,2
73,외계,2
74,행성,2
75,여행,2
76,이면,2
79,가치,2
81,자꾸,2
83,판도라,3
84,행성,2
85,바다,2
86,물멍,2
87,자식,2
89,툴쿤,2
90,제일,2
92,안경,2
93,착용,2
94,시간,2
95,길이,2
98,바닷,2
100,시각,2
101,디테,2
102,일과,2
103,환경,2
104,보존,2
105,대한,2
106,메세지,3
107,전달,2
109,존재,2
110,이유,2
111,상기,2
112,관객,2
113,가치,2
114,즐거움,3
115,장르,2
116,고유,2
117,영역,2
118,역대,2
119,최고,2
122,시간,2
123,별로,2
125,보람,2
126,노스,2
127,인간,2
129,마지막,3
130,전투,2
131,바다,2
132,부족,2
133,어디,2
134,보이지,3
135,대령,2
137,이해도,3
141,가상,2
142,세계,2
143,구현,2
144,야심,2
145,박수,2
146,웅장,2
147,분위기,3
148,다소,2
149,이야기,3
150,스토리,3
152,그래픽,3
155,내내,2
156,자식,2
157,때문,2
158,고구마,3
159,기분,2
160,아이,2
161,계속,2
162,사고,2
163,인질,2
165,인질,2
170,인정,2
171,스토리,3
172,카메론,3
173,감독,2
174,인간,2
175,혐오,2
176,생기,2
177,다잉,2
178,고래,2
180,아들,2
181,아버지,3
182,형제,2
183,인생,2
184,기대,2
185,컷던탓,3
187,웟으,2
188,스토리,3
189,아쉬움,3
191,편이,2
193,관람,2
194,체험,2
196,자체,2
197,초당,2
198,억원,2
200,경이,2
205,사람,2
207,알바,2
209,종인,2
210,지금,2
214,조조,2
215,중반,2
217,호강,2
218,해산물,3
219,다큐멘터리,5
220,내셔널,3
221,지오,2
222,그래픽,3
223,카메론,3
224,야심,2
226,스토리,3
227,밀도,2
228,역사상,3
229,가장,2
232,선사,2
233,당신,2
236,아이,2
239,개봉,2
242,스크린,3
247,지난,2
248,지금,2
251,스토리,3
252,장면,2
253,경이,2
258,이번,2
259,편도,2
260,기대,2
263,그래픽,3
264,각본,2
265,조금,2
266,느낌,2
267,다음,2
269,완결,2
270,다시금,3
271,기대,2
272,누가,2
274,하든,2
276,후회,2
278,이견,2
279,볼거리,3
282,내내,2
283,지루함,3
284,스토리,3
285,연성,2
286,제로,2
287,최고,2
288,영상,2
291,평점,2
292,이해,2
294,물의,2
296,스토리,3
297,전개,2
298,생각,2
300,최고,2
302,휘둥그레,4
303,지지,2
304,스케일,3
306,방금,2
311,개봉,2
313,감흥,2
314,스토리,3
316,상영,2
317,시간,2
319,스쿠버다이빙,6
324,스토리,3
325,중요시,3
327,글쎄요,3
328,인간,2
329,처음,2
332,시간,2
334,이야기,3
335,이후,2
336,시간,2
337,이외,2
338,모든,2
340,과거,2
343,최고,2
346,재미,2
347,볼거리,3
348,장면,2
349,구간,2
350,시간,2
352,시각,2
353,스토리,3
354,설리,2
355,가족,2
357,고향,2
358,마지막,3
359,바다,2
360,고향,2
361,개연,2
364,화장실,3
365,컨트롤,3
367,한순간,3
368,전작,2
369,서사,2
370,사실,2
371,후반,2
373,가량,2
374,제외,2
375,시간,2
376,수중,2
377,생태,2
378,다큐,2
379,불과,2
380,시간,2
381,마냥,2
382,벌써,2
383,댓글,2
385,시간,2
387,역대,2
389,돌비,2
391,감상,2
392,대세,2
393,돌비,2
394,시네마,3
395,퀄리티,3
396,내내,2
397,감탄,2
401,극장,2
403,경험,2
404,최고,2
405,중세,2
406,비주,2
408,압권,2
410,오줌보,3
413,물의,2
415,레전드,3
416,귀환,2
420,중간,2
421,몇번,2
422,감동,2
423,액션,2
424,스토리,3
425,별루,2
426,후반,2
428,지루함,3
429,스토리,3
430,여기,2
431,뇌절,2
432,걱정,2
434,비교,2
436,생각,2
437,시계,2
438,번은,2
443,경이,2
445,지경,2
446,도대체,3
447,상상,2
450,가장,2
451,돈값함,3
453,당신,2
454,카메론,3
455,카메론,3
456,이제껏,3
458,실망,2
459,이란,2
460,단어,2
463,에일리언,4
464,터미네이터,5
465,게임,2
467,효과,2
468,끝판,2
469,시간,2
470,자연,2
471,다큐,2
472,시간,2
473,시간,2
474,전혀,2
475,지루함,3
477,느낌,2
478,서사,2
479,볼거리,3
480,메시지,3
482,최고,2
484,최고,2
485,최고,2
486,지난,2
488,다소,2
489,액션,2
491,바다,2
493,처리,2
494,최고,2
495,최고,2
496,감독,2
497,욕심,2
498,시간,2
499,그게,2
500,최고,2
501,개쩌,2
502,게임,2
503,영상,2
504,느낌,2
506,돈값,2
507,지금,2
508,최고,2
509,시간,2
510,감탄,2
511,현대,2
512,기술,2
514,시간,2
515,역대,2
517,일단,2
519,기다림,3
520,용이,2
521,납치,2
522,다시,2
523,가나,2
524,다시,2
525,제대로,3
526,스토리,3
529,스토리,3
531,어디,2
532,간다,2
533,구경,2
534,간다,2
535,생각,2
538,스케일,3
540,재미,2
541,단어,2
543,환상,2
544,지능,2
546,필요성,3
547,영상,2
550,이해,2
551,장면,2
554,최고,2
556,혼자,2
557,아이,2
558,최고,2
559,감동,2
562,이기,2
563,한계,2
565,전과,2
566,지금,2
567,관객,2
568,수준,2
569,획기,2
571,아쉬움,3
572,해양,2
573,생물,2
574,시간,2
575,건가,2
576,시간,2
577,아지,2
579,부업,2
580,평점,2
582,알바,2
585,후반,2
586,액션,2
587,최고,2
589,편이,2
591,지루함,3
593,스토리,3
595,훌륭,2
596,스토리,3
597,글쎄,2
599,민폐,2
600,가족,2
601,제이,2
603,민폐,2
604,시간,2
605,생각,2
607,연출,2
610,압도,2
613,존재,2
614,시간,2
615,시간,2
617,장면,2
618,시간,2
622,마지막,3
623,최고,2
624,가뜩이나,4
625,굳이,2
628,기술,2
629,감동,2
631,기술,2
632,진보,2
633,스토리,3
634,커버,2
635,각본,2
637,납치,2
638,구출,2
639,반복,2
640,시즌,2
642,빌드업,3
643,때문,2
644,스토리,3
646,비주,2
648,감탄,2
649,이건,2
650,최고,2
651,이건,2
652,무조건,3
653,극장,2
655,최고,2
656,감동,2
657,비쥬,2
660,스토리,3
661,긴장감,3
662,런가,2
663,조조,2
664,런가,2
665,시각,2
666,효과,2
668,내용,2
669,인간,2
670,잔인함,3
671,지혜,2
672,동시,2
673,한편,2
674,생각,2
675,생각,2
676,최고,2
678,내내,2
679,영상,2
680,단연,2
683,극장,2
687,명작,2
688,최고,2
689,제작비,3
690,어디,2
691,직관,2
692,작품,2
693,작품,2
694,마블,2
695,최근,2
696,수준,2
697,최고,2
698,바닥,2
701,대박,2
702,스토리,3
703,대박,2
704,시간,2
705,대박,2
707,만점,2
708,스토리,3
709,실망,2
711,영상,2
712,만점,2
713,주기,2
714,지루함,3
715,존재,2
717,개봉일,3
719,스토리,3
720,루즈,2
722,최고,2
723,다큐,2
724,느낌,2
725,바다,2
726,바다,2
727,생물,2
730,나위,2
731,시간,2
732,시간,2
733,빈틈,2
734,이야기,3
737,가족,2
739,존재,2
740,이유,2
746,무엇,2
747,속편,2
748,생물,2
749,기대,2
750,스케일,3
752,시간,2
753,순삭,2
755,보람,2
757,보람,2
758,영상,2
759,시간,2
760,걱정,2
761,전혀,2
762,영상,2
763,최고,2
764,시간,2
765,몰입,2
767,최고,2
768,바로,2
769,편이,2
771,상향,2
772,평준화,3
775,가치,2
776,스토리,3
777,전개,2
778,별로,2
779,시간,2
782,스토리,3
783,개연,2
786,가치,2
787,연출,2
788,반복,2
791,기다림,3
792,최고,2
796,영상,2
797,화면,2
800,사람,2
802,여성,2
804,비만,2
805,생각,2
806,그래픽,3
808,박수,2
810,번의,2
811,영상,2
812,혁명,2
813,기술,2
814,진보,2
815,서사,2
816,답습,2
817,퇴보,2
818,아이맥스,4
821,스토리,3
822,영상,2
823,제작비,3
826,안보,2
827,손해,2
828,흥행,2
829,위엔,2
830,이유,2
834,최고,2
836,보람,2
837,이건,2
838,스포,2
839,감동,2
840,장면,2
841,눈물,2
842,최고,2
843,거의,2
847,몰입,2
849,장난,2
850,다음,2
851,후속,2
852,편도,2
853,기대,2
854,계속,2
855,진화,2
857,증명,2
858,어비스,3
859,트루라이즈,5
860,터미네이터,5
861,타이타닉,4
863,예술,2
865,최고,2
866,자체,2
867,영상,2
868,순간,2
869,시간,2
876,마음,2
877,최고,2
879,극장,2
881,감동,2
882,영상,2
883,이건,2
884,무조건,3
889,존재,2
890,이유,2
893,체험,2
894,스크린,3
896,아쿠아리움,5
897,바다,2
898,덕후,2
899,해양,2
900,생물,2
901,덕후,2
902,밀리터리,4
903,덕후,2
904,최고,2
905,행복,2
906,절때,2
908,사람,2
909,어머니,3
911,누가,2
913,가야,2
914,이유,2
915,고개,2
918,하라,2
920,존버,2
921,명작,2
923,사람,2
924,대체,2
926,감독,2
927,사랑,2
928,개인,2
931,취향,2
932,능력,2
935,감사,2
936,카메론,3
937,카메론,3
938,감독,2
939,시대,2
941,어찌,2
942,행운,2
943,항상,2
945,오래오래,4
946,내내,2
949,환상,2
950,영상,2
952,관람,2
954,영상,2
956,생각,2
957,편의,2
958,등장,2
959,벌써,2
960,시간,2
962,처음,2
963,최고,2
964,시간,2
966,바로,2
969,관람,2
973,넷플릭스,4
976,인류,2
977,상상력,3
978,어디,2
979,발전,2
983,이건,2
986,안보,2
987,대대손손,4
988,후회,2
990,호강,2
991,내용,2
992,글세,2
993,감독,2
994,나비,2
996,사기,2
998,이후,2
999,세월,2
1000,영상,2
1001,기술,2
1002,발달,2
1003,센세이션,4
1004,판도라,3
1005,환상,2
1006,바다,2
1007,생태계,3
1009,명불허전,4
1012,이상,2
1013,보지,2
1015,태초,2
1016,오염,2
1017,바다,2
1019,이번,2
1020,시즌,2
1021,대책,2
1022,만큼,2
1023,의문,2
1024,스토리,3
1026,스토리,3
1027,재미,2
1028,카메론,3
1029,카메론,3
1030,우리,2
1031,기술,2
1032,눈높이,3
1033,이제,2
1034,다른,2
1035,작품,2
1036,퀄리티,3
1037,걱정,2
1039,몇번,2
1040,감탄,2
1041,최고,2
1045,카메론,3
1046,카메론,3
1047,감독,2
1048,전성기,3
1050,계속,2
1051,누가,2
1053,시간,2
1055,감탄,2
1056,감동,2
1057,도가니,3
1058,시간,2
1059,개인,2
1062,추천,2
1064,조만간,3
1067,예정,2
1068,크리스마스,5
1071,간다,2
1072,올해,2
1075,스토리,3
1076,시간,2
1077,최고,2
1078,감정이입,4
1079,몰입,2
1081,최고,2
1082,시간,2
1083,호강,2
1085,인간,2
1086,전멸,2
1087,편도,2
1088,기대,2
1089,그래픽,3
1092,퀄리티,3
1093,순식간,3
1094,전편,2
1095,달리,2
1096,주저,2
1097,주인공,3
1098,때문,2
1099,조금,2
1100,루즈,2
1103,편이,2
1104,매우,2
1105,기대,2
1106,스토리,3
1109,는걸,2
1111,직접,2
1112,체험,2
1113,올해,2
1116,마무리,3
1117,영상,2
1118,최고,2
1119,다만,2
1120,스토리,3
1122,감상,2
1123,간다,2
1124,생각,2
1125,최고,2
1126,명불허전,4
1128,추천,2
1129,기대,2
1130,화이팅,3
1132,이건,2
1134,혜자,2
1135,시간,2
1136,내내,2
1137,볼거리,3
1138,성함,2
1140,단어,2
1141,표현,2
1142,오해,2
1144,워낙,2
1145,혁명,2
1146,자체,2
1148,반드시,3
1149,극장,2
1151,제이크,3
1152,설리,2
1153,가족,2
1154,물의,2
1155,부족,2
1156,적응,2
1158,생각,2
1159,가면,2
1160,영상,2
1161,생각,2
1164,최고,2
1165,스토리,3
1166,감동,2
1167,최고,2
1170,전작,2
1172,감동,2
1173,중간,2
1174,눈물,2
1175,스토리,3
1176,영상,2
1177,모두,2
1178,찟었다,3
1181,다시,2
1182,인간,2
1185,처음,2
1187,우리,2
1189,길이,2
1197,사람,2
1199,번거럽더,4
1201,극장,2
1202,추천,2
1203,돌비,2
1204,극장,2
1205,몰입,2
1207,감동,2
1211,메이킹,3
1212,영상,2
1213,연출,2
1215,존재,2
1216,이유,2
1217,카메론,3
1218,카메론,3
1221,이정화,3
1223,생애,2
1224,최고,2
1225,환상,2
1227,흠뻑,2
1228,편도,2
1229,추천,2
1231,대비,2
1232,그래픽,3
1233,체감,2
1235,스토리,3
1237,디테일,3
1238,연출,2
1239,이상,2
1240,아빠,2
1241,가족,2
1242,존재,2
1246,별로,2
1247,임팩트,3
1248,실망,2
1249,시간,2
1250,외계,2
1251,환경보호,4
1252,다큐멘터리,5
1253,기분,2
1256,스토리,3
1257,별로,2
1258,시간,2
1259,전혀,2
1260,스토리,3
1262,편이,2
1263,벌써,2
1264,기대,2
1265,제이크,3
1266,설리,2
1267,극한,2
1268,육아,2
1269,일기,2
1270,최고,2
1272,최고,2
1273,스크린,3
1275,영상,2
1277,어디,2
1278,다시,2
1279,도전,2
1280,스토리,3
1281,편이,2
1284,웅장,2
1288,시간,2
1289,훅감,2
1291,연출,2
1292,스토리,3
1293,카메론,3
1294,감독,2
1295,편이,2
1296,기대,2
1298,아이맥스,4
1300,시청,2
1301,체험,2
1302,시간,2
1303,가족,2
1305,기반,2
1306,변화,2
1307,환경,2
1308,적응,2
1311,시간,2
1313,시종일관,4
1315,그것,2
1317,가치,2
1319,틀림,2
1320,다큐멘터리,5
1321,느낌,2
1328,보람,2
1329,최고,2
1330,어찌,2
1332,최고,2
1333,감탄,2
1334,최고,2
1335,카메론,3
1336,카메론,3
1337,감독,2
1340,설명,2
1341,스토리,3
1342,마음,2
1343,보기,2
1346,먹기,2
1347,경이,2
1350,경이,2
1351,현실,2
1352,몰입,2
1353,영상,2
1354,최고,2
1355,실사,2
1356,내용,2
1357,중간,2
1358,내용,2
1359,년생,2
1360,아들,2
1361,수중,2
1362,효과,2
1363,연출,2
1364,인상,2
1365,해양,2
1366,수중,2
1367,족적,2
1368,음악,2
1369,연기,2
1370,다만,2
1371,스토리,3
1372,체험,2
1373,초점,2
1374,관람,2
1375,가능성,3
1376,명작,2
1378,오감,2
1379,체형,2
1380,작품,2
1381,컨데,2
1382,비쥬,2
1384,압도,2
1389,행해,2
1390,부작,2
1392,카메론,3
1393,카메론,3
1394,시간,2
1397,영상,2
1398,최고,2
1399,기억,2
1400,이해,2
1401,영상,2
1402,다한,2
1403,대박,2
1404,대박,2
1405,대박,2
1406,다시,2
1409,티켓,2
1412,초반,2
1413,서사,2
1414,장벽,2
1415,바다로,3
1416,순간,2
1417,허물,2
1418,파란빛,3
1419,물결,2
1420,시대,2
1422,생존,2
1423,방식,2
1424,표값,2
1425,체험,2
1430,진가,2
1433,스토리,3
1434,부분,2
1435,스토리,3
1436,빈약,2
1439,시간,2
1440,러닝,2
1441,졸림,2
1442,군입대,3
1444,마지막,3
1445,용산,2
1446,아이맥스,4
1447,최고,2
1448,어딘가,3
1449,판도라,3
1450,행성,2
1451,일리,2
1452,시간,2
1453,영상,2
1454,대박,2
1456,시간,2
1457,아이맥스,4
1459,볼껄,2
1460,프리미엄,4
1461,상영,2
1462,관서,2
1465,때문,2
1468,생각,2
1469,무슨,2
1473,논평가,3
1474,보지,2
1475,헛소리,3
1476,하니,2
1477,시간,2
1478,금방,2
1479,간다,2
1481,가족,2
1483,최고,2
1484,스캐일,3
1486,최고,2
1487,최고,2
1488,시간,2
1490,루즈,2
1492,간다,2
1493,꿀잼,2
1494,시간,2
1495,순삭,2
1496,존버함,3
1497,연말,2
1498,장식,2
1499,최고,2
1502,호흡,2
1503,영상,2
1504,순간,2
1505,판도라,3
1506,걱정,2
1507,주민,2
1508,둘째,2
1510,세상,2
1511,다큐,2
1512,느낌,2
1515,최고,2
1516,스토리,3
1517,글쎄,2
1519,한계,2
1520,돌파,2
1521,어벤져스,4
1522,엔드게임,4
1523,이후,2
1524,극장,2
1527,카메론,3
1528,카메론,3
1529,감독,2
1531,마무리,3
1532,최고,2
1535,최고,2
1538,편도,2
1541,영상,2
1542,시간,2
1543,내내,2
1544,장면,2
1547,이번,2
1549,판도라,3
1550,경관,2
1551,이제,2
1552,실제,2
1553,사람,2
1554,감흥,2
1555,창의,2
1556,볼거리,3
1557,가족,2
1559,스토리,3
1562,장가,2
1563,따위,2
1564,당신,2
1565,거임,2
1566,서사,2
1567,스케일,3
1569,마스터링,4
1571,첫날,2
1572,바로,2
1574,해양,2
1575,생물,2
1576,존나,2
1578,내용,2
1579,술술,2
1580,화면,2
1581,체감,2
1582,런닝타임,4
1583,화장실,3
1584,생각,2
1587,참전,2
1589,만큼,2
1590,시간,2
1591,관람,2
1592,아주,2
1593,만족,2
1594,참고,2
1595,마스크,3
1596,안경,2
1597,향기,2
1599,인공,2
1600,눈물,2
1601,필수,2
1604,스토리,3
1605,구려,2
1606,개연,2
1607,후기,2
1608,아이맥스,4
1610,취소,2
1611,살짝,2
1612,고민,2
1613,최고,2
1614,후회,2
1615,감정이입,4
1617,제이크,3
1618,설리,2
1620,시간,2
1622,경이,2
1624,언제,2
1625,인생,2
1626,최고,2
1627,극장,2
1631,전작,2
1632,압도,2
1633,경이,2
1634,로움,2
1635,선사,2
1636,애초,2
1637,일일,2
1638,지도,2
1640,최곤데,3
1641,스토리,3
1642,사람,2
1644,스토리,3
1646,서사,2
1647,캐릭터,3
1648,판도라,3
1649,풍경,2
1650,동물,2
1651,카메론,3
1652,외계,2
1653,생태계,3
1654,다큐,2
1655,최소,2
1656,아이맥스,4
1658,존버한다,4
1659,최고,2
1660,초등학교,4
1663,아이,2
1664,살이,2
1668,뭐해,2
1670,액션,2
1671,체험,2
1673,경이,2
1675,최고,2
1676,판도라,3
1677,행성,2
1678,존재,2
1679,스쿠버다이빙,6
1680,시간,2
1682,기분,2
1685,자연,2
1686,생명,2
1687,다시,2
1688,간반,2
1689,시간,2
1690,순삭,2
1693,화장실,3
1694,가야,2
1695,스토리,3
1696,그것,2
1701,상상력,3
1703,무엇,2
1706,감히,2
1709,언급,2
1711,영상,2
1712,아쿠아리움,5
1713,배경,2
1714,시간,2
1715,차원,2
1716,우주,2
1717,스토리,3
1718,아이맥스,4
1720,존재,2
1721,가치,2
1724,최고,2
1725,감독,2
1726,천재,2
1730,스케일,3
1733,재미,2
1734,보장,2
1736,아이맥스,4
1737,관람,2
1738,적극,2
1739,권장,2
1740,영상,2
1741,아주,2
1742,살때,2
1743,살이,2
1745,처음,2
1746,감동,2
1747,재미,2
1750,다음,2
1751,편도,2
1752,기대,2
1753,기술,2
1756,발전,2
1757,느낌,2
1759,흥행,2
1761,장면,2
1763,압도,2
1764,눈물,2
1765,글썽,2
1767,스토리,3
1768,압도,2
1769,비주,2
1771,지루함,3
1772,물속,2
1773,기분,2
1774,감동,2
1775,잡채,2
1776,인생,2
1777,제일,2
1778,일이,2
1782,경이,2
1783,감동,2
1784,지경,2
1785,제발,2
1788,시리즈,3
1792,한국,2
1793,최고,2
1794,시청각,3
1795,쾌감,2
1796,선사,2
1797,스토리,3
1799,상상력,3
1800,연출,2
1801,시간,2
1802,우주,2
1803,너머,2
1804,미지,2
1805,행성,2
1806,여행,2
1809,인지,2
1810,시간,2
1811,시간,2
1814,울면,2
1815,최고,2
1816,인생,2
1819,기술,2
1820,정점,2
1821,비쥬,2
1823,끝판,2
1824,보람,2
1825,일루,2
1827,타고,2
1828,물속,2
1831,시간,2
1833,순삭,2
1834,경험,2
1836,기다림,3
1837,후회,2
1838,영상,2
1839,이상,2
1841,최고,2
1842,바타,2
1843,무조건,3
1845,감동,2
1846,쓰나미,3
1848,최고,2
1850,상상력,3
1851,세상,2
1852,시계,2
1853,그게,2
1856,시간,2
1857,시간,2
1858,금방,2
1860,최고,2
1861,최고,2
1862,시간,2
1866,예정,2
1867,얼른,2
1868,예매,2
1871,설명,2
1873,시간,2
1875,몰입,2
1877,최고,2
1878,최고,2
1879,보람,2
1880,무조건,3
1881,극장,2
1883,보지,2
1884,관심,2
1885,생각,2
1887,판타지,3
1888,세계,2
1889,집중,2
1890,시간,2
1891,모름,2
1894,스크린,3
1895,최고,2
1896,감동,2
1898,보람,2
1899,최고,2
1900,대박,2
1902,감동,2
1903,최고,2
1905,시간,2
1906,시간,2
1907,도지,2
1908,루한,2
1910,최고,2
1911,처음,2
1912,충격,2
1913,수준,2
1915,생명체,3
1916,로부터,3
1917,감동,2
1918,최고,2
1919,대작,2
1921,시간,2
1922,총알,2
1924,추천,2
1927,시간,2
1928,금방,2
1929,간다,2
1930,카메론,3
1931,감독,2
1937,생각,2
1938,거참,2
1939,시간,2
1940,언제,2
1941,모름,2
1942,시각,2
1943,시간,2
1945,스토리,3
1946,전개,2
1947,납득,2
1948,이동,2
1950,전환,2
1951,비약,2
1952,전투,2
1953,장면,2
1955,아쉬움,3
1956,대작,2
1959,몽환,2
1960,느낌,2
1961,감동,2
1962,액션,2
1963,사이다,3
1965,생각,2
1966,어머니,3
1968,압도,2
1970,스토리,3
1971,별로,2
1972,익룡,2
1973,날치,2
1974,고래,2
1980,최고,2
1982,음악,2
1983,배우,2
1984,연기,2
1985,대작,2
1986,세월,2
1987,전편,2
1988,감성,2
1989,그대로,3
1990,감독,2
1991,감상,2
1993,거의,2
1995,시간,2
2002,예술,2
2003,거구,2
2004,느낌,2
2005,인간,2
2006,멸종,2
2007,최고,2
2008,메쳣어,3
2010,시간,2
2011,순간,2
2013,인간,2
2014,상상력,3
2015,한계,2
2016,어디,2
2018,작품,2
2019,머리,2
2022,바탕,2
2023,시간,2
2024,시간,2
2025,금방,2
2028,이유,2
2030,최고,2
2032,보람,2
2033,시간,2
2034,보람,2
2035,실망,2
2039,각본,2
2040,수준,2
2041,반도,2
2045,그래픽,3
2047,외계,2
2048,행성,2
2049,네셔널,3
2050,오그,2
2052,신파,2
2053,초반,2
2054,각본,2
2055,최고,2
2056,주인공,3
2058,판단,2
2059,이해,2
2060,작위,2
2061,내내,2
2063,호불호,3
2064,걱정,2
2065,초반,2
2067,갈수록,3
2074,가족,2
2075,생각,2
2076,마음,2
2077,가지,2
2079,주네,2
2081,아주,2
2082,파란색,3
2083,외계인,3
2084,지구인,3
2085,사냥,2
2086,격하,2
2087,응원,2
2088,지구인,3
2089,우주,2
2091,존재,2
2093,개연,2
2094,매우,2
2097,최고,2
2098,최고,2
2099,기대,2
2100,이상,2
2101,겨울,2
2102,극장,2
2103,따땃,2
2104,대박,2
2106,부분,2
2107,쪼금,2
2108,지루함,3
2110,내용,2
2111,과대,2
2112,평가,2
2113,작품,2
2114,내용,2
2117,후반,2
2118,부로,2
2119,수록,2
2120,루즈,2
2121,해지,2
2122,약간,2
2123,억지,2
2124,감동,2
2125,영상,2
2126,개연,2
2127,스토리,3
2130,스토리,3
2131,구멍,2
2134,더하기,3
2135,고래,2
2136,민간,2
2137,어선,2
2138,스케일,3
2139,어려움,3
2141,신기,2
2142,재미,2
2143,이름,2
2149,세계관,3
2151,워진,2
2152,이야기,3
2154,세계관,3
2155,마무리,3
2156,후속,2
2157,편이,2
2158,기대,2
2160,거지,2
2162,만듬,2
2163,실제,2
2164,자연,2
2167,시계,2
2168,자꾸,2
2169,판도라,3
2170,행성,2
2171,수중,2
2172,촬영,2
2174,거짓말,3
2175,이해,2
2178,바다,2
2179,사랑,2
2180,사람,2
2181,라면,2
2182,무조건,3
2185,이만,2
2186,비쥬,2
2189,다만,2
2190,스토리,3
2191,조금,2
2192,스토리,3
2194,만쩜,2
2195,시간,2
2196,판도라,3
2197,행성,2
2199,그래픽,3
2200,가끔,2
2201,시지,2
2202,시간,2
2204,카메론,3
2205,어케했누,4
2208,아쉬움,3
2209,매력,2
2210,작품,2
2211,어케,2
2213,스토리,3
2214,영상,2
2216,판도라,3
2217,행성,2
2218,성계,2
2219,표현,2
2220,아랄,2
2222,투루쿠막토,5
2224,보람,2
2229,기다림,3
2230,대한,2
2231,보답,2
2232,기다림,3
2233,시작,2
2234,인생,2
2236,안경,2
2237,사람,2
2238,입장,2
2239,최선,2
2241,볼걸,2
2242,아쉬움,3
2243,스토리,3
2244,올해,2
2245,가장,2
2246,장식,2
2247,테이,2
2249,세상,2
2250,테리,2
2252,눈물,2
2254,대중,2
2255,부분,2
2256,간혹,2
2258,최고,2
2259,최고,2
2260,최고,2
2261,작품,2
2262,영감,2
2263,눈물,2
2264,철학,2
2265,작품,2
2266,스토리,3
2267,별루,2
2269,웅장,2
2271,바다,2
2272,는걸,2
2273,만약,2
2275,무조건,3
2277,덕분,2
2280,아침,2
2281,아이맥스,4
2283,최고,2
2284,최고,2
2286,헤어,2
2292,보이지,3
2293,느낌,2
2296,예매,2
2297,내용,2
2298,별거,2
2300,최고,2
2301,마지막,3
2304,먼저,2
2307,거지,2
2308,판도라,3
2309,행성,2
2310,현지,2
2311,촬영,2
2314,산소,2
2315,스탭들,3
2316,고생,2
2319,영상,2
2320,최고,2
2322,후속,2
2323,편이,2
2324,명성,2
2326,걱정,2
2328,나니,2
2329,카메론,3
2330,카메론,3
2331,무조건,3
2332,돌비,2
2333,시네마,3
2336,한마디,3
2337,시간,2
2339,올해,2
2340,범죄,2
2341,매버릭,3
2342,물의,2
2344,고민,2
2346,꼭꼭,2
2347,시간,2
2349,수도,2
2350,전혀,2
2353,소름,2
2355,후회,2
2357,다만,2
2358,스토리,3
2359,조금,2
2360,감수,2
2366,대박,2
2367,시간,2
2368,내내,2
2369,감동,2
2371,분도,2
2372,장면,2
2373,최고,2
2376,전쟁,2
2378,바다,2
2380,카메론,3
2381,카메론,3
2383,대체,2
2385,최고,2
2386,지리,2
2387,스토리,3
2388,매우,2
2389,시간,2
2390,최고,2
2392,최고,2
2393,작품,2
2394,영상,2
2395,스토리,3
2396,동물,2
2397,교감,2
2399,눈물,2
2400,감동,2
2401,환경,2
2402,동물,2
2403,보호,2
2404,감독,2
2408,전쟁,2
2411,웅장,2
2412,시간,2
2414,아쿠아리움,5
2415,체험,2
2416,당신,2
2417,장르,2
2418,이건,2
2419,바다,2
2420,때문,2
2421,스크린,3
2423,가치,2
2425,연출,2
2426,연기,2
2427,음악,2
2428,전부,2
2429,최고,2
2430,한마디,3
2431,정리,2
2432,후회,2
2433,절대,2
2434,영상,2
2435,압도,2
2436,역대,2
2438,제일,2
2439,미쉐린,3
2440,스타,2
2441,레스토랑,4
2443,조금,2
2444,코스,2
2445,전개,2
2446,디저트,3
2447,느낌,2
2448,전작,2
2450,인터넷,3
2451,스토리,3
2453,실제,2
2454,스토리,3
2456,모두,2
2457,퍼펙트,3
2458,감동,2
2460,카메론,3
2461,카메론,3
2463,안보,2
2464,바보,2
2465,추천,2
2466,개인,2
2470,거의,2
2471,실사,2
2473,최고,2
2474,최고,2
2476,돌비,2
2477,비쥬,2
2479,끝판,2
2481,극장,2
2482,영상,2
2483,작품,2
2485,웅장,2
2487,진보,2
2488,기술,2
2489,스토리,3
2490,사랑,2
2492,세계,2
2493,시간,2
2494,순삭,2
2496,전체,2
2497,스토리,3
2498,완성,2
2500,미약,2
2505,후회,2
2506,관람,2
2509,영상,2
2511,카메론,3
2512,카메론,3
2513,감독,2
2514,동시,2
2517,행운,2
2519,기억,2
2521,최고다,3
2524,아주,2
2525,스토리,3
2526,일반,2
2527,연출,2
2528,커버,2
2529,아주,2
2530,다만,2
2531,시간,2
2532,라서,2
2533,조금,2
2534,무조건,3
2535,아이맥스,4
2538,호강,2
2539,제대로,3
2540,카메론,3
2541,카메론,3
2542,감독,2
2543,기대,2
2544,웅장,2
2545,내내,2
2546,예약,2
2547,보신,2
2549,소감,2
2551,다큐,2
2553,단돈,2
2555,천원,2
2556,카메론,3
2557,카메론,3
2558,형님,2
2559,무궁,2
2560,감사,2
2562,최고,2
2563,나비,2
2565,행성,2
2566,다큐멘터리,5
2569,이유,2
2570,형형색색,4
2571,색감,2
2572,연출,2
2573,계속,2
2574,살짝,2
2575,졸음,2
2576,때문,2
2577,경이,2
2580,만족,2
2581,어머니,3
2582,극찬,2
2583,명작,2
2585,보람,2
2586,최고,2
2587,최고,2
2588,카메론,3
2589,카메론,3
2590,감독,2
2593,런가,2
2594,최고,2
2595,최고,2
2596,최고,2
2598,영상,2
2599,개꿀잼,3
2601,최고,2
2602,연출,2
2603,영상,2
2604,장관,2
2605,편도,2
2606,기대,2
2607,최고,2
2611,보구,2
2612,능가,2
2613,대작,2
2614,최고,2
2617,다시,2
2618,영상,2
2619,스토리,3
2620,긴박,2
2624,매우,2
2625,밍숭맹숭해,5
2626,시간,2
2627,가족,2
2628,방광,2
2629,파탄,2
2632,이상,2
2633,이해,2
2634,최고,2
2635,실제,2
2636,바다,2
2639,다른,2
2640,바다,2
2643,자체,2
2644,감동,2
2646,생리,2
2647,현상,2
2649,생리,2
2650,현상,2
2651,참고,2
2654,시간,2
2655,초고,2
2657,나비,2
2659,다큐멘터리,5
2661,느낌,2
2662,시간,2
2663,금방,2
2665,재미,2
2668,액션,2
2669,조금,2
2671,다음,2
2672,편도,2
2673,기대,2
2674,물개,2
2675,박수,2
2678,스토리,3
2681,인지,2
2682,잠시,2
2685,이자,2
2686,원툴,2
2687,화면,2
2689,무조건,3
2692,바다,2
2693,장면,2
2694,최고,2
2695,리얼,2
2696,심해,2
2697,공포증,3
2698,조금,2
2699,물의,2
2703,마지막,3
2704,시간,2
2705,어디,2
2706,인지,2
2709,제작,2
2710,이건,2
2711,테마,2
2712,파크,2
2714,극장,2
2716,의미,2
2717,시간,2
2718,시계,2
2720,인생,2
2723,이유,2
2724,눈뽕,2
2725,오지,2
2727,인간,2
2728,탐욕,2
2729,잔인함,3
2730,파괴,2
2731,살인,2
2732,밑바닥,3
2733,인격,2
2734,생각,2
2736,최고,2
2737,판도라,3
2738,인간,2
2739,폭력,2
2740,얼마나,3
2741,우주,2
2742,생명체,3
2743,파괴,2
2744,압도,2
2746,판도라,3
2747,위성,2
2748,올로,2
2750,촬영,2
2751,거지,2
2752,전편,2
2753,감동,2
2754,액션,2
2755,감성,2
2756,그대로,3
2757,완전,2
2759,압도,2
2761,감탄,2
2763,눈요기,3
2764,제대로,3
2766,탑건,2
2767,판도라,3
2768,바다,2
2769,툴쿤,2
2770,직접,2
2772,경험,2
2773,티나,2
2774,부분,2
2775,최고,2
2776,거의,2
2777,판도라,3
2778,바다,2
2780,시간,2
2781,영상,2
2782,아주,2
2783,전체,2
2784,스토리,3
2785,라인,2
2792,추천,2
2794,돌비,2
2795,시네마,3
2796,영상,2
2797,진가,2
2800,효과,2
2801,관보,2
2802,특별,2
2805,명작,2
2807,거장,2
2808,이야기,3
2809,내용,2
2810,글쎄,2
2811,극장,2
2813,전혀,2
2815,무방,2
2816,최고,2
2817,판도라,3
2819,무슨,2
2821,이해,2
2822,돌비,2
2823,시간,2
2825,카메론,3
2826,카메론,3
2827,다운,2
2828,다운,2
2829,기회,2
2830,부모님,3
2831,모시,2
2833,탄도,2
2835,기다림,3
2836,후회,2
2838,속편,2
2839,다시,2
2840,경이,2
2841,로움,2
2842,물속,2
2843,영상,2
2844,스토리,3
2845,그닥별루,4
2846,카메론,3
2847,대한,2
2848,대치,2
2849,이제,2
2851,발전,2
2852,대비,2
2853,년전,2
2854,스토리,3
2855,라인,2
2856,시간,2
2858,생각,2
2859,시간,2
2860,지나,2
2861,볼거리,3
2862,연출,2
2864,인간,2
2865,가증,2
2868,시선,2
2869,아메리칸,4
2870,건국,2
2871,신화,2
2872,압니,2
2873,감탄,2
2874,웅장,2
2875,뭉클,2
2876,스토리,3
2877,명성,2
2878,그닥,2
2879,수영,2
2881,싸움,2
2883,스토리,3
2886,로만,2
2887,영상,2
2890,스토리,3
2892,각본,2
2894,최선,2
2895,물의,2
2896,길이,2
2900,명작,2
2902,이상,2
2904,시간,2
2906,테마,2
2907,파크,2
2909,기분,2
2910,스토리,3
2913,가족,2
2914,무엇,2
2916,무엇,2
2920,제외,2
2921,최고,2
2922,길이,2
2923,감동,2
2924,비례,2
2926,크게,2
2928,어쩌면,3
2929,오히려,3
2930,관객,2
2931,눈높이,3
2932,그때,2
2934,스토리,3
2936,시각,2
2937,기술,2
2938,한계,2
2939,체험,2
2940,시간,2
2942,기적,2
2943,우리,2
2944,극장,2
2945,이유,2
2947,세계관,3
2949,캐릭터,3
2950,액션,2
2951,요정,2
2952,가족,2
2953,버전,2
2954,타이타닉,4
2955,느낌,2
2958,볼라,2
2959,대작,2
2960,느낌,2
2961,자꾸,2
2962,악질,2
2963,해대,2
2965,나비,2
2967,고양이,3
2970,방금,2
2971,그래픽,3
2972,지금,2
2973,시점,2
2975,경험,2
2977,지루함,3
2981,시간,2
2983,고문,2
2984,대박,2
2985,감동,2
2986,시간,2
2987,영상,2
2988,스토리,3
2989,벌써,2
2994,안주,2
2998,외계,2
3004,영상,2
3005,최고,2
3006,신세계,3
3007,느낌,2
3008,계속,2
3009,감탄,2
3012,스토리,3
3013,여운,2
3014,남진,2
3015,이건,2
3016,영상,2
3017,예술,2
3018,의미,2
3020,의미,2
3022,스토리,3
3024,기술,2
3025,영상,2
3028,압도,2
3029,스쿠버다이빙,6
3030,바다,2
3031,영상,2
3033,인정,2
3034,재미,2
3035,스토리,3
3037,글쎄,2
3040,어디,2
3041,나비,2
3044,생각,2
3047,판도라,3
3048,편이,2
3049,인지,2
3051,조금,2
3052,실망,2
3054,감동,2
3057,나비,2
3059,언어,2
3060,언어,2
3061,창조,2
3063,충격,2
3064,스토리,3
3066,별거,2
3068,시간,2
3069,개쩌,2
3070,아쿠아리움,5
3071,느낌,2
3072,인간,2
3073,풍경,2
3074,감상,2
3076,아부지,3
3078,사람,2
3079,이유,2
3080,동의,2
3082,초당,2
3084,천만원,3
3085,만해,2
3088,시간,2
3089,어찌,2
3090,다시,2
3091,영상,2
3092,매우,2
3093,실감,2
3094,스토리,3
3095,감상,2
3098,감상,2
3100,가성,2
3102,최고,2
3103,경험,2
3104,단돈,2
3105,만원,2
3106,시간,2
3107,이건,2
3108,최고,2
3109,전자,2
3110,제품,2
3111,매장,2
3112,모습,2
3113,시간,2
3114,극장,2
3115,존재,2
3116,이유,2
3117,존잼,2
3118,대유,2
3120,방금,2
3122,싶돠,2
3123,스토리,3
3125,그래픽,3
3126,최고,2
3127,판도라,3
3128,행성,2
3129,실존,2
3131,액션,2
3132,인상,2
3133,이지,2
3135,밀도,2
3136,액션,2
3137,걸작,2
3139,아바,2
3141,대박,2
3143,최고,2
3145,속편,2
3146,커서,2
3147,경이,2
3148,기술,2
3150,장난,2
3151,중간,2
3152,중간,2
3153,스토리,3
3154,개연,2
3155,카메론,3
3156,카메론,3
3157,감사,2
3158,박수,2
3160,존재,2
3161,이유,2
3163,영상,2
3165,아트,2
3166,매우,2
3169,울면,2
3172,충격,2
3173,감동,2
3174,과연,2
3177,잠시,2
3178,의심,2
3180,회초리,3
3182,추천,2
3183,전형,2
3184,스토리,3
3185,전무후무,4
3186,그래픽,3
3187,최고,2
3189,감동,2
3190,판도라,3
3191,나비,2
3193,섭외,2
3195,공감,2
3198,그래픽,3
3200,이야기,3
3201,측면,2
3205,기다림,3
3206,스토리,3
3208,초점,2
3209,반했어,3
3210,기대,2
3211,다른,2
3212,비교,2
3215,비교,2
3216,서사,2
3217,살짝,2
3218,가기,2
3220,교두보,3
3221,역할,2
3222,장점,2
3224,단점,2
3228,시간,2
3230,순삭,2
3231,감동,2
3232,재미,2
3233,몰입,2
3234,아아,2
3235,무조건,3
3237,이상,2
3238,치가,2
3243,완벽,2
3244,자체,2
3245,스토리,3
3246,부분,2
3248,영상,2
3249,오락,2
3250,로써,2
3252,만점,2
3253,스토리,3
3256,감동,2
3257,바다,2
3259,영상,2
3261,느낌,2
3262,최고,2
3263,시간,2
3267,존재,2
3268,이유,2
3269,바다,2
3271,환상,2
3272,자체,2
3273,시간,2
3274,프레임,3
3276,역대,2
3277,눈요기,3
3280,인정,2
3281,스토리,3
3282,광고,2
3284,조금,2
3286,스토리,3
3287,개연,2
3288,성과,2
3289,연관,2
3290,그래픽,3
3291,오지,2
3292,시간,2
3293,디스커버리,5
3294,자연,2
3295,다큐,2
3299,굳이,2
3301,평점,2
3302,제작비,3
3303,조원,2
3304,배우,2
3306,고비,2
3308,굳이,2
3310,러닝,2
3311,타임,2
3313,볼거리,3
3315,사실,2
3316,기억,2
3318,영상,2
3319,홀린,2
3320,듯이,2
3322,시간,2
3324,진심,2
3325,아이맥스,4
3327,소름,2
3330,다시,2
3331,상상,2
3334,현실,2
3335,이상,2
3336,작품,2
3337,압도,2
3338,누가,2
3340,시간,2
3342,감탄,2
3343,최고,2
3344,시간,2
3346,몰입,2
3347,압도,2
3348,수준,2
3351,최고,2
3352,시간,2
3354,표값,2
3356,그래픽,3
3357,판도라,3
3358,부족,2
3359,가족,2
3360,실사,2
3361,다큐,2
3362,느낌,2
3363,무조건,3
3366,후속작,3
3367,연출,2
3368,영상,2
3369,나비,2
3371,다큐,2
3372,최고,2
3373,촬영,2
3376,자랑,2
3377,특별,2
3379,관람,2
3380,평점,2
3381,심야,2
3383,방금,2
3386,짱짱,2
3387,분간,2
3388,화면,2
3390,압도,2
3391,시간,2
3394,고속,2
3395,순삭,2
3396,시간,2
3397,화장실,3
3398,사람,2
3399,명도,2
3400,이상,2
3401,최고,2
3402,시간,2
3405,스토리,3
3406,무엇,2
3407,시간,2
3408,시간,2
3409,최고,2
3410,여운,2
3411,가시,2
3415,듭니,2
3417,천만,2
3418,돌파,2
3421,별로,2
3422,등장인물,4
3423,몰입,2
3427,배우,2
3428,감독,2
3430,생각,2
3432,내용,2
3433,시간,2
3434,영상,2
3436,서사,2
3437,그래픽,3
3440,시간,2
3441,나비,2
3443,체험,2
3444,느낌,2
3445,압도,2
3446,묘사,2
3447,편집,2
3448,전개,2
3453,시간,2
3454,시간,2
3457,좀더,2
3458,압축,2
3459,스토리,3
3460,전달,2
3461,압도,2
3462,퀄리티,3
3464,러닝,2
3465,타임,2
3466,무지막지,4
3468,명불허전,4
3469,최고,2
3470,질감,2
3473,좔좔,2
3474,관용,2
3481,절반,2
3483,행위,2
3484,액션씬,3
3485,다시,2
3486,판도라,3
3487,행성,2
3488,여행,2
3490,그것,2
3491,충분,2
3492,다른,2
3493,나라,2
3494,여행,2
3495,기분,2
3496,최고,2
3497,사람,2
3498,자기,2
3501,스케일,3
3502,퀄리티,3
3503,기회,2
3506,일이,2
3507,바다,2
3508,최고,2
3509,최고,2
3510,아이맥스,4
3512,무조건,3
3513,추천,2
3514,최고,2
3515,최고,2
3516,최고,2
3517,올해,2
3518,최고,2
3520,최고,2
3521,무조건,3
3523,아쿠아리움,5
3525,최고,2
3526,다만,2
3527,스토리,3
3531,스크린,3
3532,생각,2
3533,최고,2
3534,존경,2
3536,최고,2
3538,최고,2
3541,연출,2
3542,모든,2
3543,예매,2
3545,아이맥스,4
3546,생각,2
3547,나니,2
3549,전혀,2
3551,호강,2
3552,황홀,2
3554,자체,2
3556,손해,2
3557,디스커버리,5
3558,주년,2
3559,기념,2
3560,다큐,2
3562,감동,2
3563,재미,2
3565,생각,2
3566,가족,2
3567,스토리,3
3568,비슷비슷,4
3571,최고,2
3573,호강,2
3574,인간,2
3576,압도,2
3577,비주,2
3579,체험,2
3580,하란,2
3582,스토리,3
3584,이야기,3
3586,빌드업,3
3588,수도,2
3590,사람,2
3591,라면,2
3594,눈치,2
3597,시간,2
3598,스토리,3
3599,볼거리,3
3600,압도,2
3601,판도라,3
3602,바다,2
3603,시간,2
3604,조금,2
3605,막판,2
3606,시간,2
3607,전투씬,3
3608,타이타닉,4
3609,감독,2
3610,선사,2
3611,타이타닉,4
3612,수중씬,3
3613,몰입도,3
3614,최고,2
3615,비주,2
3617,대한,2
3618,감탄,2
3619,분만,2
3620,이야기,3
3621,시간,2
3624,몰입,2
3625,환자,2
3628,교감,2
3632,크란,2
3633,안전,2
3634,운전,2
3635,자꾸나,3
3637,영상,2
3638,스토리,3
3639,편이,2
3640,예고편,3
3641,미리,2
3642,기분,2
3644,최고,2
3648,완벽,2
3650,필요,2
3651,추천,2
3652,스토리,3
3653,시간,2
3654,벌써,2
3655,시간,2
3656,순식간,3
3657,스토리,3
3658,후퇴,2
